var_name,as_wildtype,consensus_availability
Omicron/BA.1,FALSE,TRUE
Omicron/BA.1.1,FALSE,TRUE
Omicron/BA.1.1.1,FALSE,TRUE
Omicron/BA.1.13,FALSE,TRUE
Omicron/BA.1.17,FALSE,TRUE
Omicron/BA.1.17.2,FALSE,TRUE
Omicron/BA.1.18,FALSE,TRUE
Omicron/BA.1/P337R,FALSE,TRUE
Omicron/BA.1/P337S,FALSE,TRUE
Omicron/BA.1/E340A,FALSE,TRUE
Omicron/BA.1/E340D,FALSE,TRUE
Omicron/BA.1/E340K,FALSE,TRUE
Omicron/BA.1/E340V,FALSE,TRUE
Omicron/BA.1/K356T,FALSE,TRUE
Omicron/BA.1/R493Q,FALSE,TRUE
Omicron/BA.1/-N440K,FALSE,FALSE
Omicron/BA.1/K444E,FALSE,TRUE
Omicron/BA.1/K444D,FALSE,TRUE
Omicron/BA.1/K444N,FALSE,TRUE
Omicron/BA.1/K444M,FALSE,TRUE
Omicron/BA.1/K444T,FALSE,TRUE
Omicron/BA.1/K444R,FALSE,TRUE
Omicron/BA.1/V445D,FALSE,TRUE
Omicron/BA.1/V445T,FALSE,TRUE
Omicron/BA.1/V445A,FALSE,TRUE
Omicron/BA.1/V445F,FALSE,TRUE
Omicron/BA.1/-G446S,FALSE,FALSE
Omicron/BA.1/N450D,FALSE,TRUE
Omicron/BA.1/-Q498R,FALSE,FALSE
Omicron/BA.1/-N501Y,FALSE,FALSE
Omicron/BA.2,FALSE,TRUE
Omicron/BA.2/V83A,FALSE,TRUE
Omicron/BA.2/144del,FALSE,FALSE
Omicron/BA.2/H146Q,FALSE,TRUE
Omicron/BA.2/Q183E,FALSE,TRUE
Omicron/BA.2/D339H,FALSE,TRUE
Omicron/BA.2/F157L,FALSE,TRUE
Omicron/BA.2/V213E,FALSE,TRUE
Omicron/BA.2/G252V,FALSE,TRUE
Omicron/BA.2/R346T,FALSE,TRUE
Omicron/BA.2/L368I,FALSE,TRUE
Omicron/BA.2/F456L,FALSE,FALSE
Omicron/BA.2/F486V,FALSE,TRUE
Omicron/BA.2/F486S,FALSE,TRUE
Omicron/BA.2/F486V+R493Q,FALSE,TRUE
Omicron/BA.2/G257S,FALSE,TRUE
Omicron/BA.2/G446S,FALSE,TRUE
Omicron/BA.2/I210V,FALSE,TRUE
Omicron/BA.2/K147E,FALSE,TRUE
Omicron/BA.2/K147E+W152R+F157L,FALSE,TRUE
Omicron/BA.2/K417T,FALSE,TRUE
Omicron/BA.2/L452M,FALSE,TRUE
Omicron/BA.2/L452Q,FALSE,TRUE
Omicron/BA.2/L452R,FALSE,TRUE
Omicron/BA.2/N460K,FALSE,TRUE
Omicron/BA.2/R493Q,FALSE,TRUE
Omicron/BA.2/S704L,FALSE,TRUE
Omicron/BA.2/W152R,FALSE,TRUE
Omicron/BA.2/P337S,FALSE,TRUE
Omicron/BA.2/E340D,FALSE,TRUE
Omicron/BA.2/E340K,FALSE,TRUE
Omicron/BA.2/E340V,FALSE,TRUE
Omicron/BA.2/N440Y,FALSE,TRUE
Omicron/BA.2/N440D,FALSE,TRUE
Omicron/BA.2/G339H,FALSE,TRUE
Omicron/BA.2/-N440K,FALSE,FALSE
Omicron/BA.2/K444E,FALSE,TRUE
Omicron/BA.2/K444D,FALSE,TRUE
Omicron/BA.2/K444N,FALSE,TRUE
Omicron/BA.2/K444M,FALSE,TRUE
Omicron/BA.2/K444T,FALSE,TRUE
Omicron/BA.2/K444R,FALSE,TRUE
Omicron/BA.2/V445D,FALSE,TRUE
Omicron/BA.2/V445P,FALSE,TRUE
Omicron/BA.2/V445T,FALSE,TRUE
Omicron/BA.2/V445A,FALSE,TRUE
Omicron/BA.2/V445F,FALSE,TRUE
Omicron/BA.2/G446V,FALSE,TRUE
Omicron/BA.2/G446I,FALSE,TRUE
Omicron/BA.2/G447S,FALSE,TRUE
Omicron/BA.2/N448K,FALSE,TRUE
Omicron/BA.2/Y449N,FALSE,TRUE
Omicron/BA.2/N450D,FALSE,TRUE
Omicron/BA.2/F490S,FALSE,TRUE
Omicron/BA.2/-Q498R,FALSE,FALSE
Omicron/BA.2/P499S,FALSE,TRUE
Omicron/BA.2/P499H,FALSE,TRUE
Omicron/BA.2/N501T,FALSE,TRUE
Omicron/BA.2/V503I,FALSE,TRUE
Omicron/BA.2.3.20,FALSE,TRUE
Omicron/BA.2.10.4,FALSE,TRUE
Omicron/BA.2.11,FALSE,TRUE
Omicron/BA.2.12.1,FALSE,TRUE
Omicron/BA.2.13,FALSE,TRUE
Omicron/BA.2.56,FALSE,TRUE
Omicron/BA.2.68,FALSE,TRUE
Omicron/BJ.1,FALSE,TRUE
Omicron/XBB,FALSE,TRUE
Omicron/XBB/F486P,FALSE,TRUE
Omicron/XBB.1,FALSE,TRUE
Omicron/XBB.1.5,FALSE,TRUE
Omicron/XBB.1.5/Q52H,FALSE,FALSE
Omicron/XBB.1.5/E180V,FALSE,TRUE
Omicron/XBB.1.5/T478R,FALSE,TRUE
Omicron/XBB.1.5.1,FALSE,TRUE
Omicron/XBB.1.9.1,FALSE,TRUE
Omicron/XBB.1.9.2,FALSE,TRUE
Omicron/XBB.1.16,FALSE,TRUE
Omicron/XBC,FALSE,TRUE
Omicron/XBC.1,FALSE,TRUE
Omicron/XBF,FALSE,TRUE
Omicron/BA.2.38,FALSE,TRUE
Omicron/BA.2.38.1,FALSE,TRUE
Omicron/BA.2.74,FALSE,TRUE
Omicron/BA.2.75,FALSE,TRUE
Omicron/BA.2.75/H339D,FALSE,TRUE
Omicron/BA.2.75 w/o N460K,FALSE,TRUE
Omicron/BA.2.75/Q493R,FALSE,TRUE
Omicron/BA.2.75/S446G,FALSE,TRUE
Omicron/BA.2.75/K444M+L452R,FALSE,TRUE
Omicron/BA.2.75/L452R,FALSE,TRUE
Omicron/BA.2.75/R346T+K356T+K444M+L452R+F486V,FALSE,TRUE
Omicron/BA.2.75/R346T+K356T+K444T-G446S+L452R+F486V,FALSE,FALSE
Omicron/BA.2.75/R346T+K417T+K444T-G446S+L452R+F486V,FALSE,FALSE
Omicron/BA.2.75/R346T+K444M+L452R,FALSE,TRUE
Omicron/BA.2.75/R346T+K444M+L452R+F486V,FALSE,TRUE
Omicron/BA.2.75/R346T+K444T-G446S+L452R+F486V,FALSE,FALSE
Omicron/BA.2.75/R346T,FALSE,TRUE
Omicron/BF.2.75/F486S,FALSE,FALSE
Omicron/BF.2.75/D1199N,FALSE,FALSE
Omicron/BF.2.75/R346T+F486S,FALSE,FALSE
Omicron/BF.2.75/R346T+D1199N,FALSE,FALSE
Omicron/BF.2.75/F486S+F486S,FALSE,FALSE
Omicron/BA.2.75.2,FALSE,TRUE
DS.1,FALSE,TRUE
Omicron/BA.2.75.2/-D1199N,FALSE,FALSE
Omicron/BA.2.75.4,FALSE,TRUE
Omicron/BA.2.75.5,FALSE,TRUE
Omicron/BA.2.75.6,FALSE,TRUE
Omicron/BA.2.76,FALSE,TRUE
Omicron/BA.2.77,FALSE,TRUE
Omicron/BA.2.79,FALSE,TRUE
Omicron/BA.2.80,FALSE,TRUE
Omicron/BL.1,FALSE,TRUE
Omicron/BR.1,FALSE,TRUE
Omicron/BN.2.1,FALSE,TRUE
Omicron/BN.1,FALSE,TRUE
Omicron/BM.1,FALSE,TRUE
Omicron/BM.1.1,FALSE,TRUE
Omicron/BM.1.1.1,FALSE,TRUE
Omicron/BR.2,FALSE,TRUE
Omicron/CA.1,FALSE,TRUE
Omicron/CA.2,FALSE,TRUE
Omicron/CA.3.1,FALSE,TRUE
Omicron/CH.1.1,FALSE,TRUE
Omicron/BA.3,FALSE,TRUE
Omicron/BA.4,FALSE,TRUE
Omicron/BA.4.1,FALSE,FALSE
Omicron/BA.4.6,FALSE,TRUE
Omicron/BA.4.6/G446S,FALSE,TRUE
Omicron/BA.4.6.1,FALSE,TRUE
Omicron/BA.4.6.3,FALSE,TRUE
Omicron/BA.4.7,FALSE,TRUE
Omicron/BA.5,FALSE,TRUE
Omicron/BA.5/G446S,FALSE,TRUE
Omicron/BA.5/R346I,FALSE,TRUE
Omicron/BA.5/R346T,FALSE,TRUE
Omicron/BA.5/R346S,FALSE,TRUE
Omicron/BA.5/N658S,FALSE,TRUE
Omicron/BA.5/G339H+R346T+K356T+K417T+K444N+N460K,FALSE,TRUE
Omicron/BA.5/G339H+R346T+K356T+K417T+K444T+N460K,FALSE,TRUE
Omicron/BA.5/K444N,FALSE,TRUE
Omicron/BA.5/R346T+K356T+K417T+K444N+N460K,FALSE,TRUE
Omicron/BA.5/R346T+K417T+K444N+N460K,FALSE,TRUE
Omicron/BA.5/R346T+K444N,FALSE,TRUE
Omicron/BA.5/K444T,FALSE,TRUE
Omicron/BA.5/N460K,FALSE,TRUE
Omicron/BA.5/R346T+K444T,FALSE,TRUE
Omicron/BA.5/R346T+N460K,FALSE,TRUE
Omicron/BA.5/F456L,FALSE,FALSE
Omicron/BA.5.1,FALSE,TRUE
Omicron/BA.5.1.12,FALSE,TRUE
Omicron/BA.5.1.23,FALSE,FALSE
Omicron/BA.5.2,FALSE,TRUE
Omicron/BA.5.2.1,FALSE,TRUE
Omicron/BA.5.2.7,FALSE,TRUE
Omicron/BA.5.5.1,FALSE,TRUE
Omicron/BA.5.6,FALSE,TRUE
Omicron/BA.5.6.2,FALSE,TRUE
Omicron/BA.5.9,FALSE,TRUE
Omicron/BF.7,FALSE,TRUE
Omicron/BF.7/G446S,FALSE,TRUE
Omicron/BF.16,FALSE,TRUE
Omicron/BQ.1,FALSE,TRUE
Omicron/BU.1,FALSE,TRUE
Omicron/BQ.1.1,FALSE,TRUE
Omicron/BQ.1.1.10,FALSE,TRUE
Omicron/BR.2.1,FALSE,TRUE
Omicron/BR.2.1/R346T,FALSE,TRUE
Omicron/BS.1.1,FALSE,TRUE
Omicron/XE,FALSE,TRUE
Omicron/CJ.1,FALSE,TRUE
Alpha,FALSE,TRUE
Alpha/A372S,FALSE,TRUE
Alpha/A475V+E484K,FALSE,TRUE
Alpha/D138Y+A701V,FALSE,TRUE
Alpha/E484A,FALSE,TRUE
Alpha/E484K,FALSE,TRUE
Alpha/E484D,FALSE,FALSE
Alpha/E484K+S494P,FALSE,FALSE
Alpha/E484K+Q493R+S494P,FALSE,TRUE
Alpha/E484Q,FALSE,TRUE
Alpha/F490S,FALSE,TRUE
Alpha/K417N+E484K,FALSE,TRUE
Alpha/K417N+E484K+Q493R,FALSE,TRUE
Alpha/L452R,FALSE,TRUE
Alpha/Q493K,FALSE,TRUE
Alpha/Q493R,FALSE,TRUE
Alpha/Q677H,FALSE,TRUE
Alpha/S494P,FALSE,TRUE
_Alpha/B.1.1.7,FALSE,TRUE
_Alpha/Q.1,FALSE,TRUE
_Alpha/Q.2,FALSE,TRUE
_Alpha/Q.3,FALSE,TRUE
_Alpha/Q.4,FALSE,TRUE
Beta,FALSE,TRUE
Beta w/o E484K,FALSE,TRUE
Beta w/o K417N,FALSE,TRUE
Beta w/o N501Y,FALSE,TRUE
Beta/E484Q,FALSE,TRUE
Beta/G446V,FALSE,TRUE
Beta/K444E,FALSE,TRUE
Beta/L452R,FALSE,TRUE
Beta/Q677H,FALSE,TRUE
Beta/N429K/L452R,FALSE,FALSE
_Beta/B.1.351,FALSE,TRUE
_Beta/B.1.351.2,FALSE,TRUE
_Beta/B.1.351.3,FALSE,TRUE
Delta,FALSE,TRUE
Delta/E484K,FALSE,TRUE
Delta/E484Q,FALSE,TRUE
Delta/K417N,FALSE,TRUE
Delta/K417N+E484Q,FALSE,FALSE
Delta/N501Y+E484K+F490S,FALSE,FALSE
Delta/E406D,FALSE,FALSE
Delta/E406Q,FALSE,FALSE
Delta/K444T,FALSE,TRUE
Delta/G446S,FALSE,FALSE
Delta/G446V,FALSE,FALSE
Delta/Y453F,FALSE,FALSE
Delta/L455F,FALSE,FALSE
Delta/L455S,FALSE,FALSE
Delta/G446V+Y453F,FALSE,FALSE
Delta/G446V+L455F,FALSE,FALSE
Delta/K476D,FALSE,TRUE
Delta/K486S,FALSE,TRUE
Delta/K487D,FALSE,TRUE
Delta/K487K,FALSE,TRUE
Delta/Q613H,FALSE,TRUE
_Delta/AY.1,FALSE,TRUE
_Delta/AY.10,FALSE,TRUE
_Delta/AY.11,FALSE,TRUE
_Delta/AY.2,FALSE,TRUE
_Delta/AY.3,FALSE,TRUE
_Delta/AY.4,FALSE,TRUE
_Delta/AY.5,FALSE,TRUE
_Delta/AY.6,FALSE,TRUE
_Delta/AY.7,FALSE,TRUE
_Delta/AY.8,FALSE,TRUE
_Delta/AY.9,FALSE,TRUE
_Delta/B.1.617.2,FALSE,TRUE
Gamma,FALSE,TRUE
Gamma/P681H,FALSE,TRUE
Gamma/Q677H,FALSE,TRUE
_Gamma/P.1,FALSE,TRUE
_Gamma/P.1.1,FALSE,TRUE
_Gamma/P.1.2,FALSE,TRUE
Epsilon,FALSE,TRUE
Epsilon/E484K,FALSE,TRUE
_Epsilon/B.1.427,FALSE,TRUE
_Epsilon/B.1.429,FALSE,TRUE
Eta,FALSE,TRUE
Iota,FALSE,TRUE
Iota/E484K,FALSE,TRUE
Iota/L452R,FALSE,TRUE
Iota/S477N,FALSE,TRUE
Kappa,FALSE,TRUE
Lambda,FALSE,TRUE
Mu,FALSE,TRUE
Mu/K417N,FALSE,TRUE
Mu/-E484K,FALSE,FALSE
Theta,FALSE,TRUE
Zeta,FALSE,TRUE
A,TRUE,TRUE
A.1,TRUE,TRUE
A.2,TRUE,TRUE
A.2.2,TRUE,TRUE
A.2.5,FALSE,TRUE
A.23.1,FALSE,TRUE
A.23.1/E484K,FALSE,TRUE
A.27,FALSE,TRUE
A.27/A222V,FALSE,TRUE
A.30,FALSE,TRUE
AP.1,FALSE,TRUE
AT.1,FALSE,TRUE
AV.1,FALSE,TRUE
B,TRUE,TRUE
B.1,TRUE,TRUE
B.1.1,TRUE,TRUE
B.1.1.1,TRUE,TRUE
B.1.1.117,TRUE,TRUE
B.1.1.141,FALSE,TRUE
B.1.1.142,TRUE,TRUE
B.1.1.161,TRUE,TRUE
B.1.1.189,FALSE,TRUE
B.1.1.229,TRUE,TRUE
B.1.1.232,TRUE,TRUE
B.1.1.241,FALSE,TRUE
B.1.1.257,FALSE,TRUE
B.1.1.273,TRUE,TRUE
B.1.1.28,TRUE,TRUE
B.1.1.298,FALSE,TRUE
B.1.1.306,TRUE,TRUE
B.1.1.317,FALSE,TRUE
B.1.1.318,FALSE,TRUE
B.1.1.345,FALSE,TRUE
B.1.1.37,TRUE,TRUE
B.1.1.39,FALSE,TRUE
B.1.1.401,TRUE,TRUE
B.1.1.405,TRUE,TRUE
B.1.1.420,FALSE,TRUE
B.1.1.432,FALSE,TRUE
B.1.1.434,TRUE,TRUE
B.1.1.50,TRUE,TRUE
B.1.1.515,TRUE,TRUE
B.1.1.519,FALSE,TRUE
B.1.1.523,FALSE,TRUE
B.1.1.63,FALSE,TRUE
B.1.1.70,TRUE,TRUE
B.1.108,TRUE,TRUE
B.1.111,FALSE,TRUE
B.1.117,FALSE,TRUE
B.1.117.83,FALSE,FALSE
B.1.147,FALSE,TRUE
B.1.160,FALSE,TRUE
B.1.160.13,FALSE,TRUE
B.1.177,TRUE,TRUE
B.1.177.31,TRUE,TRUE
B.1.177.75,FALSE,TRUE
B.1.177.81,TRUE,TRUE
B.1.2,TRUE,TRUE
B.1.214.2,FALSE,TRUE
B.1.234,TRUE,TRUE
B.1.235,FALSE,TRUE
B.1.242,TRUE,TRUE
B.1.258,FALSE,TRUE
B.1.258.24,FALSE,TRUE
B.1.311,TRUE,TRUE
B.1.314,TRUE,TRUE
B.1.319,TRUE,TRUE
B.1.320,TRUE,TRUE
B.1.332,TRUE,TRUE
B.1.336,TRUE,TRUE
B.1.343,TRUE,TRUE
B.1.356,TRUE,TRUE
B.1.36.1,TRUE,TRUE
B.1.36.27,FALSE,TRUE
B.1.362,TRUE,TRUE
B.1.369,TRUE,TRUE
B.1.389,TRUE,TRUE
B.1.391,FALSE,TRUE
B.1.409,TRUE,TRUE
B.1.416.1,TRUE,TRUE
B.1.420,FALSE,TRUE
B.1.427,FALSE,TRUE
B.1.463,FALSE,TRUE
B.1.466.2,FALSE,TRUE
B.1.497,FALSE,TRUE
B.1.486,TRUE,TRUE
B.1.486/Y489H,TRUE,TRUE
B.1.486/E484K/Y489H,TRUE,FALSE
B.1.486/K417N/E484K/Y489H,TRUE,FALSE
B.1.493,FALSE,TRUE
B.1.517,FALSE,TRUE
B.1.523,FALSE,TRUE
B.1.526,FALSE,TRUE
B.1.533,FALSE,TRUE
B.1.568,FALSE,TRUE
B.1.616,FALSE,TRUE
B.1.617,FALSE,TRUE
B.1.617.3,FALSE,TRUE
B.1.618,FALSE,TRUE
B.1.618.1,FALSE,FALSE
B.1.619,FALSE,TRUE
B.1.619.1,FALSE,TRUE
B.1.620,FALSE,TRUE
B.1.630,FALSE,TRUE
B.1.638,FALSE,TRUE
B.1.640.1,TRUE,TRUE
B.1.640.2,TRUE,TRUE
B.1/E484K,FALSE,TRUE
B.1.8,TRUE,TRUE
B.38,TRUE,TRUE
B.4,TRUE,TRUE
B.40,FALSE,TRUE
B.52,TRUE,TRUE
C.1.2,FALSE,TRUE
C.35,TRUE,TRUE
C.36,FALSE,TRUE
C.36.3,FALSE,TRUE
C.36/L452R,FALSE,TRUE
D.2,FALSE,TRUE
R.1,FALSE,TRUE
R.2,FALSE,TRUE
SARS-CoV-1,FALSE,FALSE
MERS-CoV,FALSE,FALSE
pCoV-GD,FALSE,FALSE
pCoV-GX,FALSE,FALSE
Rs4084,FALSE,FALSE
Rs4231,FALSE,FALSE
Rs7327,FALSE,FALSE
RShSTT182,FALSE,FALSE
SHC014,FALSE,FALSE
WIV1,FALSE,FALSE
bCoV-RaTG13,FALSE,TRUE
LYRa11,FALSE,FALSE
MHV-A59,FALSE,FALSE
Anlong-112,FALSE,FALSE
BtRs-BetaCoV/YN2013,FALSE,FALSE
BtRl-BetaCoV/SC2018,FALSE,FALSE
bat-SL-CoVZC45,FALSE,FALSE
BtKY72,FALSE,FALSE
Rp/Shaanxi2011,FALSE,FALSE
BM48-31/BGR/2008,FALSE,FALSE
PMS1-1,FALSE,TRUE
PMS20,FALSE,TRUE
PMSD4,FALSE,TRUE
Pickering22_4658,FALSE,FALSE
Pickering22_4581/4645,FALSE,FALSE
Pickering22_ON_PHL_21_44225,FALSE,FALSE
Deltacron,FALSE,FALSE
Omicron/BA.1_or_BA.2,FALSE,FALSE
Omicron/BA.4_or_BA.5,FALSE,FALSE
Omicron_BA.2_or_BA.5,FALSE,FALSE
L452R variants,FALSE,FALSE
Unknown Omicron,FALSE,FALSE
Unknown variant,FALSE,FALSE
Delta/K417N/K496Y,FALSE,TRUE
Omicron/XBB.1/-144del,FALSE,TRUE
Omicron/XBB.1.5/-144del,FALSE,TRUE
Omicron/BA.5/N450D,FALSE,TRUE
Omicron/BA.1/S371F,FALSE,TRUE
Omicron/BA.1/T376A,FALSE,TRUE
Omicron/BA.1/D405N,FALSE,TRUE
Omicron/BA.1/R408S,FALSE,TRUE
Omicron/BA.1/-Q493R,FALSE,TRUE
Omicron/BA.1/-G446S/-Q493R,FALSE,TRUE
Omicron/BA.1/-371L/-373P/-375F,FALSE,FALSE
Omicron/BA.1/-339D/-371L/-373P/-375F,FALSE,FALSE
Omicron/BA.1/-339D/-373P/-375F/-417N/-440K,FALSE,FALSE
Omicron/BA.2/-Q493R,FALSE,TRUE
Omicron/XAF,FALSE,TRUE
Omicron/BA.2.75/K356T,FALSE,TRUE
Omicron/BA.2.75/R346T/K444T/F486S,FALSE,TRUE
Omicron/BA.2.75/R346T/K356T/R403K/F486S/F490S,FALSE,TRUE
Omicron/BA.2.75/D574V,FALSE,TRUE
Omicron/BA.2.75/R403K,FALSE,TRUE
Omicron/BA.2.75/K444M,FALSE,TRUE
Omicron/BA.2.75/K444T,FALSE,TRUE
Omicron/BA.2.75/F490S,FALSE,TRUE
Omicron/EG.5,FALSE,TRUE
Omicron/BA.2.86,FALSE,TRUE
Omicron/FL.1.5.1,FALSE,TRUE
Omicron/XBB.1.5/E554K,FALSE,TRUE
Omicron/EG.5.1,FALSE,FALSE
Omicron/XBB.1.5/F456L,FALSE,FALSE
Omicron/XBB.1.5/L455F/F456L,FALSE,FALSE
Omicron/XBB.1.5/L455F,FALSE,FALSE
Omicron_BA.5_or_BF.7,FALSE,FALSE
Omicron/BQ.1.18,FALSE,FALSE
Omicron/XBB.1.5.10,FALSE,FALSE
Omicron/XBB.1.5/K478R/F456L/H505Y,FALSE,FALSE
Omicron/XBB.1.5/K478R/F456L/H505Y/R403K,FALSE,FALSE
Omicron/XBB.1.5/K478R/F456L/H505Y/R403K/K444T,FALSE,FALSE
Omicron/XBB.1.5/K478R/F456L/H505Y/R403K/K444T/K440N,FALSE,FALSE
Omicron/XBB.1.5/K478R/F456L/H505Y/R403K/K444T/K440N/A484P,FALSE,FALSE
Omicron/XBB.1.5/K478R/F456L/H505Y/R403K/K444T/K440N/A484P/Y453F,FALSE,FALSE
Omicron/XBB.1.5/K478R/F456L/H505Y/R403K/K444T/K440N/A484P/Y453F/N405K,FALSE,FALSE
Omicron_XBB.1.5_or_XBB.1.9_or_XBB.1.16,FALSE,FALSE
HV.1,FALSE,TRUE
JN.1,FALSE,TRUE
Omicron/BA.2.30,FALSE,TRUE
XBB.2.3,FALSE,FALSE
EU.1.1,FALSE,FALSE
HK.3,FALSE,FALSE
JD.1.1,FALSE,FALSE
JN.1.11.1,FALSE,FALSE
KP.2,FALSE,TRUE
KP.3,FALSE,TRUE
KP.2.3,FALSE,TRUE
KP.3.1.1,FALSE,TRUE
LB.1,FALSE,TRUE
