var_name,gene,position,amino_acid
bCoV-RaTG13,S,32,S
bCoV-RaTG13,S,50,L
bCoV-RaTG13,S,76,I
bCoV-RaTG13,S,218,P
bCoV-RaTG13,S,324,D
bCoV-RaTG13,S,346,T
bCoV-RaTG13,S,372,T
bCoV-RaTG13,S,403,T
bCoV-RaTG13,S,439,K
bCoV-RaTG13,S,440,H
bCoV-RaTG13,S,441,I
bCoV-RaTG13,S,443,A
bCoV-RaTG13,S,445,E
bCoV-RaTG13,S,449,F
bCoV-RaTG13,S,459,A
bCoV-RaTG13,S,478,K
bCoV-RaTG13,S,483,Q
bCoV-RaTG13,S,484,T
bCoV-RaTG13,S,486,L
bCoV-RaTG13,S,490,Y
bCoV-RaTG13,S,493,Y
bCoV-RaTG13,S,494,R
bCoV-RaTG13,S,498,Y
bCoV-RaTG13,S,501,D
bCoV-RaTG13,S,505,H
bCoV-RaTG13,S,519,N
bCoV-RaTG13,S,604,A
bCoV-RaTG13,S,681,del
bCoV-RaTG13,S,682,del
bCoV-RaTG13,S,683,del
bCoV-RaTG13,S,684,del
bCoV-RaTG13,S,1125,S
bCoV-RaTG13,S,1228,I
